1;131
2;141
3;150
4;161
5;171
6;180
7;191
8;201
9;210
10;221
11;231
12;240
13;251
14;261
15;270
16;281
17;291
18;300
19;311
20;321
21;330
22;341
23;351
24;360
25;371
26;381
27;390
28;401
29;411
30;420
31;431
32;441
33;450
34;461
35;471
36;480
37;491
38;501
39;510
40;521
41;531
42;540
43;551
44;561
45;570
46;581
47;591
48;600
49;611
50;621
51;630
52;641
53;651
54;660
55;671
56;681
57;690
58;701
59;711
60;720
61;731
62;741
63;750
64;761
65;771
66;780
67;791
68;801
69;810
70;821
71;831
72;840
73;851
74;861
75;870
76;881
77;891
78;900
79;911
80;921
81;930
82;941
83;951
84;960
85;971
86;981
87;990
88;1001
89;1011
90;1020
91;1031
92;1041
93;1050
94;1061
95;1071
96;1080
97;1091
98;1101
99;1110
100;1121
101;1131
102;1140
103;1151
104;1161
105;1170
106;1181
107;1191
108;1200
109;1211
110;1221
111;1230
112;1241
113;1251
114;1260
115;1271
116;1281
117;1290
118;1301
119;1311
120;1320
121;1331
122;1341
123;1350
124;1361
125;1371
126;1380
127;1391
128;1401
129;1410
130;1421
131;1431
132;1440
133;1451
134;1461
135;1470
136;1481
137;1491
138;1500
139;1511
140;1521
141;1530
142;1541
143;1551
144;1560
145;1571
146;1581
147;1590
148;1601
149;1611
150;1620
151;1631
152;1641
153;1650
154;1661
155;1671
156;1680
157;1691
158;1701
159;1710
160;1721
161;1731
162;1741
163;1751
164;1761
165;1771
166;1781
167;1792
168;1800
169;1811
170;1821
171;1830
172;1841
173;1851
174;1860
175;1871
176;1881
177;1890
178;1901
179;1911
180;1920
181;1931
182;1941
183;1950
184;1961
185;1971
186;1981
187;1991
188;2001
189;2010
190;2021
191;2031
192;2040
193;2051
194;2061
195;2070
196;2082
197;2091
198;2100
199;2111
200;2121
201;2130
202;2141
203;2151
204;2160
205;2171
206;2181
207;2190
208;2201
209;2211
210;2220
211;2231
212;2241
213;2251
214;2261
215;2271
216;2282
217;2291
218;2301
219;2311
220;2321
221;2331
222;2342
223;2351
224;2361
225;2372
226;2381
227;2391
228;2401
229;2411
230;2421
231;2431
232;2441
233;2451
234;2461
235;2471
236;2481
237;2491
238;2501
239;2511
240;2521
241;2531
242;2541
243;2551
244;2561
245;2571
246;2581
247;2591
248;2601
249;2611
250;2621
251;2632
252;2641
253;2651
254;2661
255;2671
256;2681
257;2691
258;2701
259;2711
260;2721
261;2732
262;2741
263;2751
264;2761
265;2771
266;2781
267;2791
268;2801
269;2811
270;2821
271;2831
272;2841
273;2851
274;2861
275;2871
276;2881
277;2891
278;2901
279;2911
280;2921
281;2931
282;2941
283;2951
284;2961
285;2971
286;2981
287;2991
288;3002
289;3011
290;3021
291;3031
292;3041
293;3051
294;3061
295;3071
296;3081
297;3091
298;3102
299;3111
300;3121
301;3132
302;3141
303;3151
304;3161
305;3171
306;3181
307;3191
308;3201
309;3211
310;3222
311;3231
312;3241
313;3252
314;3261
315;3271
316;3281
317;3291
318;3301
319;3311
320;3321
321;3332
322;3341
323;3351
324;3362
325;3371
326;3381
327;3392
328;3401
329;3411
330;3421
331;3431
332;3441
333;3453
334;3461
335;3471
336;3481
337;3491
338;3501
339;3511
340;3521
341;3531
342;3541
343;3551
344;3561
345;3571
346;3581
347;3591
348;3602
349;3611
350;3621
351;3632
352;3641
353;3652
354;3661
355;3671
356;3681
357;3691
358;3701
359;3712
360;3721
361;3731
362;3741
363;3751
364;3761
365;3773
366;3781
367;3791
368;3801
369;3812
370;3821
371;3831
372;3841
373;3851
374;3861
375;3872
376;3881
377;3892
378;3901
379;3911
380;3922
381;3932
382;3942
383;3952
384;3961
385;3971
386;3982
387;3992
388;4003
389;4012
390;4022
391;4032
392;4042
393;4052
394;4062
395;4072
396;4081
397;4092
398;4102
399;4111
400;4122
401;4131
402;4141
403;4152
404;4161
405;4172
406;4182
407;4191
408;4201
409;4212
410;4221
411;4232
412;4242
413;4251
414;4261
415;4273
416;4282
417;4292
418;4303
419;4312
420;4321
421;4332
422;4343
423;4351
424;4363
425;4372
426;4383
427;4392
428;4402
429;4413
430;4423
431;4432
432;4443
433;4453
434;4464
435;4472
436;4482
437;4492
438;4503
439;4512
440;4522
441;4533
442;4541
443;4552
444;4562
445;4572
446;4581
447;4593
448;4603
449;4613
450;4623
451;4632
452;4642
453;4652
454;4662
455;4671
456;4682
457;4692
458;4701
459;4713
460;4722
461;4732
462;4742
463;4752
464;4761
465;4773
466;4782
467;4791
468;4803
469;4812
470;4821
471;4833
472;4842
473;4851
474;4863
475;4872
476;4881
477;4893
478;4902
479;4911
480;4923
481;4932
482;4941
483;4953
484;4962
485;4971
486;4983
487;4992
488;5003
489;5012
490;5022
491;5034
492;5042
493;5053
494;5064
495;5072
496;5082
497;5093
498;5102
499;5111
500;5123
501;5132
502;5141
503;5153
504;5162
505;5171
506;5183
507;5192
508;5201
509;5213
510;5222
511;5231
512;5244
513;5252
514;5261
515;5273
516;5283
517;5291
518;5303
519;5312
520;5321
521;5333
522;5342
523;5351
524;5363
525;5372
526;5381
527;5394
528;5402
529;5411
530;5425
531;5433
532;5441
533;5453
534;5463
535;5471
536;5484
537;5492
538;5501
539;5513
540;5521
541;5531
542;5544
543;5552
544;5561
545;5573
546;5582
547;5591
548;5603
549;5612
550;5621
551;5633
552;5641
553;5651
554;5663
555;5672
556;5681
557;5694
558;5701
559;5711
560;5723
561;5731
562;5741
563;5753
564;5761
565;5771
566;5783
567;5791
568;5801
569;5814
570;5821
571;5831
572;5844
573;5851
574;5861
575;5872
576;5881
577;5891
578;5902
579;5912
580;5921
581;5932
582;5941
583;5951
584;5962
585;5971
586;5981
587;5992
588;6002
589;6011
590;6022
591;6031
592;6041
593;6052
594;6061
595;6071
596;6082
597;6091
598;6101
599;6112
600;6121
601;6131
602;6142
603;6152
604;6161
605;6172
606;6181
607;6191
608;6202
609;6211
610;6221
611;6232
612;6242
613;6251
614;6262
615;6272
616;6281
617;6292
618;6301
619;6311
620;6322
621;6331
622;6341
623;6352
624;6361
625;6371
626;6382
627;6391
628;6401
629;6412
630;6421
631;6431
632;6442
633;6451
634;6461
635;6472
636;6481
637;6491
638;6502
639;6511
640;6521
641;6532
642;6541
643;6551
644;6562
645;6572
646;6581
647;6592
648;6601
649;6611
650;6622
651;6632
652;6641
653;6652
654;6662
655;6671
656;6682
657;6691
658;6701
659;6712
660;6721
661;6731
662;6742
663;6752
664;6761
665;6772
666;6781
667;6791
668;6802
669;6812
670;6821
671;6832
672;6842
673;6851
674;6862
675;6872
676;6881
677;6892
678;6902
679;6911
680;6922
681;6932
682;6941
683;6952
684;6961
685;6971
686;6982
687;6991
688;7001
689;7012
690;7022
691;7031
692;7051
693;7061
694;7072
695;7082
696;7091
697;7102
698;7111
699;7121
700;7132
701;7141
702;7151
703;7162
704;7171
705;7181
706;7192
707;7202
708;7211
709;7222
710;7232
711;7241
712;7252
713;7261
714;7271
715;7282
716;7292
717;7301
718;7312
719;7322
720;7331
721;7342
722;7351
723;7361
724;7372
725;7391
726;7402
727;7411
728;7421
729;7432
730;7442
731;7451
732;7462
733;7471
734;7481
735;7492
736;7502
737;7511
738;7522
739;7532
740;7541
741;7552
742;7562
743;7571
744;7582
745;7591
746;7601
747;7612
748;7622
749;7631
750;7642
751;7652
752;7661
753;7672
754;7682
755;7691
756;7702
757;7712
758;7722
759;7732
760;7742
761;7752
762;7762
763;7772
764;7782
765;7792
766;7802
767;7812
768;7822
769;7832
770;7842
771;7852
772;7862
773;7872
774;7882
775;7892
776;7903
777;7912
778;7922
779;7932
780;7942
781;7952
782;7962
783;7972
784;7992
785;8002
786;8012
787;599
788;8032
789;8042
790;8052
791;8062
792;8072
793;8082
794;8092
795;8102
796;8112
797;8122
798;8132
799;8142
800;8152
801;8162
802;8172
803;8182
804;8192
805;8202
806;8212
807;8222
808;8232
809;8242
810;8252
811;8262
812;8272
813;8282
814;8292
815;8302
816;8312
817;8322
818;8332
819;8342
820;8352
821;8362
822;8372
823;8382
824;8392
825;8402
826;8412
827;8422
828;8432
829;8442
830;8452
831;8462
832;8472
833;8492
834;8502
835;8522
836;8532
837;8542
838;8552
839;8562
840;8572
841;8582
842;8592
843;8602
844;8612
845;8622
846;8632
847;8642
848;8652
849;8662
850;8671
851;8682
852;8692
853;8701
854;8722
855;8732
856;8742
857;8752
858;8762
859;8772
860;8782
861;8792
862;8802
863;8812
864;8822
865;8832
866;8842
867;8862
868;8872
869;8892
870;8902
871;8912
872;8922
873;8932
874;8942
875;8952
876;8962
877;8972
878;8982
879;8992
880;9012
881;9022
882;9032
883;9042
884;9052
885;9062
886;9072
887;9082
888;9092
889;9102
890;9122
891;9132
892;9142
893;9152
894;9162
895;9172
896;9192
897;9202
898;9212
899;9222
900;9242
901;9252
902;9262
903;9272
904;9282
905;9292
906;9302
907;9312
908;9322
909;9332
910;9342
911;9362
912;9373
913;9392
914;9402
915;9412
916;9422
917;9432
918;9442
919;9452
920;9462
921;9472
922;9482
923;9492
924;9506
925;9516
926;9526
927;9537
928;9547
929;9557
930;9567
931;9577
932;9587
933;9597
934;9608
935;9618
936;9628
937;9638
938;9648
939;9658
940;9668
941;9679
942;9689
943;9699
944;9709
945;9719
946;9729
947;9740
948;9750
949;9760
950;9770
951;9780
952;9790
953;9800
954;9811
955;9821
956;9831
957;9841
958;9851
959;9861
960;9871
961;9882
962;9892
963;9902
964;9912
965;9922
966;9932
967;9942
968;9952
969;9962
970;9972
971;9982
972;9992
973;10002
974;10012
975;10022
976;10032
977;10042
978;10052
979;10062
980;10072
981;10082
982;10092
983;10102
984;10112
985;10122
986;10132
987;10142
988;10152
989;10162
990;10172
991;10182
992;10192
993;10202
994;10212
995;10222
996;10232
997;10242
998;10252
999;10262
1000;10272
1001;10282
1002;10292
1003;10302
1004;10312
1005;10322
1006;10332
1007;10342
1008;10352
1009;10362
1010;10372
1011;10382
1012;10392
1013;10402
1014;10412
1015;10422
1016;10432
1017;10442
1018;10452
1019;10462
1020;10473
1021;10482
1022;10492
1023;10503
1024;10512
1025;10522
1026;10533
1027;10542
1028;10552
1029;10563
1030;10572
1031;10582
1032;10593
1033;10602
1034;10612
1035;10623
1036;10632
1037;10642
1038;10653
1039;10662
1040;10672
1041;10683
1042;10692
1043;10702
1044;10713
1045;10722
1046;10732
1047;10743
1048;10752
1049;10762
1050;10773
1051;10782
1052;10792
1053;10803
1054;10812
1055;10822
1056;10833
1057;10842
1058;10852
1059;10863
1060;10872
1061;10882
1062;10893
1063;10902
1064;10912
1065;10923
1066;10932
1067;10942
1068;10953
1069;10962
1070;10972
1071;10983
1072;10992
1073;11002
1074;11013
1075;11022
1076;11032
1077;11043
1078;11052
1079;11062
1080;11073
1081;11082
1082;11092
1083;11103
1084;11112
1085;11122
1086;11133
1087;11142
1088;11152
1089;11163
1090;11172
1091;11182
1092;11193
1093;11202
1094;11212
1095;11223
1096;11232
1097;11242
1098;11253
1099;11262
1100;11272
1101;11283
1102;11292
1103;11302
1104;11313
1105;11322
1106;11332
1107;11343
1108;11352
1109;11362
1110;11373
1111;11382
1112;11392
1113;11403
1114;11413
1115;11422
1116;11433
1117;11442
1118;11452
1119;11463
1120;11472
1121;11482
1122;11493
1123;11502
1124;11512
1125;11523
1126;11532
1127;11542
1128;11553
1129;11562
1130;11572
1131;11583
1132;11592
1133;11602
1134;11613
1135;11622
1136;11632
1137;11643
1138;11652
1139;11662
1140;11673
1141;11682
1142;11692
1143;11703
1144;11712
1145;11722
1146;11735
1147;11742
1148;11752
1149;11763
1150;11772
1151;11782
1152;11793
1153;11802
1154;11812
1155;11823
1156;11832
1157;11842
1158;11853
1159;11862
1160;11872
1161;11883
1162;11892
1163;11902
1164;11913
1165;11922
1166;11932
1167;11943
1168;11952
1169;11962
1170;11973
1171;11982
1172;11992
1173;12003
1174;12012
1175;12022
1176;12033
1177;12042
1178;12052
1179;12063
1180;12072
1181;12082
1182;12093
1183;12102
1184;12112
1185;12123
1186;12133
1187;12142
1188;12153
1189;12162
1190;12172
1191;12183
1192;12194
1193;12202
1194;12213
1195;12223
1196;12232
1197;12243
1198;12252
1199;12262
1200;12273
1201;12283
1202;12292
1203;12303
1204;12313
1205;12322
1206;12333
1207;12343
1208;12352
1209;12363
1210;12372
1211;12382
1212;12393
1213;12402
1214;12412
1215;12423
1216;12432
1217;12442
1218;12453
1219;12463
1220;12472
1221;12483
1222;12493
1223;12502
1224;12513
1225;12523
1226;12532
1227;12543
1228;12552
1229;12562
1230;12573
1231;12583
1232;12592
1233;12603
1234;12612
1235;12622
1236;12633
1237;12642
1238;12652
1239;12663
1240;12673
1241;12682
1242;12693
1243;12702
1244;12712
1245;12723
1246;12732
1247;12742
1248;12753
1249;12762
1250;12772
1251;12783
1252;12792
1253;12802
1254;12813
1255;12822
1256;12832
1257;12843
1258;12852
1259;12862
1260;12873
1261;12882
1262;12892
1263;12903
1264;12912
1265;12922
1266;12933
1267;12943
1268;12952
1269;12963
1270;12973
1271;12982
1272;12993
1273;13002
1274;13012
1275;13023
1276;13032
1277;13042
1278;13053
1279;13062
1280;13072
1281;13083
1282;13092
1283;13102
1284;13113
1285;13122
1286;13132
1287;13143
1288;13152
1289;13162
1290;13173
1291;13182
1292;13193
1293;13203
1294;13212
1295;13223
1296;13233
1297;13243
1298;13253
1299;13264
1300;13273
1301;13283
1302;13293
1303;13302
1304;13313
1305;13323
1306;13333
1307;13343
1308;13353
1309;13362
1310;13373
1311;13383
1312;13392
1313;13403
1314;13413
1315;13423
1316;13433
1317;13443
1318;13453
1319;13463
1320;13473
1321;13483
1322;13493
1323;13503
1324;13513
1325;13523
1326;13533
1327;13543
1328;13553
1329;13563
1330;13572
1331;13583
1332;13593
1333;13602
1334;13613
1335;13623
1336;13632
1337;13643
1338;13653
1339;13662
1340;13673
1341;13683
1342;13692
1343;13703
1344;13713
1345;13722
1346;13733
1347;13743
1348;13752
1349;13763
1350;13773
1351;13783
1352;13793
1353;13803
1354;13813
1355;13823
1356;13834
1357;13842
1358;13853
1359;13863
1360;13873
1361;13883
1362;13894
1363;13903
1364;13913
1365;13923
1366;13933
1367;13943
1368;13953
1369;13962
1370;13973
1371;13983
1372;13992
1373;14003
1374;14013
1375;14022
1376;14033
1377;14043
1378;14053
1379;14063
1380;14073
1381;14082
1382;14093
1383;14103
1384;14112
1385;14123
1386;14133
1387;14142
1388;14153
1389;14163
1390;14172
1391;14183
1392;14193
1393;14203
1394;14215
1395;14223
1396;14233
1397;14243
1398;14253
1399;14262
1400;14273
1401;14283
1402;14292
1403;14303
1404;14313
1405;14323
1406;14333
1407;14343
1408;14352
1409;14363
1410;14373
1411;14383
1412;14393
1413;14403
1414;14413
1415;14423
1416;14433
1417;14443
1418;14453
1419;14463
1420;14473
1421;14483
1422;14493
1423;14504
1424;14513
1425;14523
1426;14534
1427;14543
1428;14553
1429;14563
1430;14573
1431;14583
1432;14593
1433;14603
1434;14613
1435;14623
1436;14633
1437;14643
1438;14653
1439;14663
1440;14673
1441;14684
1442;14693
1443;14703
1444;14714
1445;14723
1446;14733
1447;14743
1448;14753
1449;14763
1450;14773
1451;14783
1452;14794
1453;14803
1454;14813
1455;14824
1456;14833
1457;14843
1458;14853
1459;14864
1460;14874
1461;14884
1462;14893
1463;14903
1464;14914
1465;14924
1466;14933
1467;14944
1468;14954
1469;14965
1470;14974
1471;14984
1472;14994
1473;15004
1474;15014
1475;15023
1476;15034
1477;15043
1478;15053
1479;15064
1480;15074
1481;15084
1482;15094
1483;15103
1484;15114
1485;15124
1486;15134
1487;15144
1488;15154
1489;15163
1490;15175
1491;15184
1492;15193
1493;15204
1494;15213
1495;15223
1496;15235
1497;15244
1498;15253
1499;15264
1500;15273
1501;15283
1502;15294
1503;15303
1504;15313
1505;15324
1506;15334
1507;15343
1508;15354
1509;15364
1510;15373
1511;15384
1512;15393
1513;15403
1514;15414
1515;15424
1516;15433
1517;15444
1518;15454
1519;15463
1520;15474
1521;15484
1522;15492
1523;15504
1524;15514
1525;15522
1526;15534
1527;15544
1528;15553
1529;15564
1530;15574
1531;15583
1532;15594
1533;15605
1534;15612
1535;15625
1536;15634
1537;15642
1538;15654
1539;15664
1540;15673
1541;15684
1542;15694
1543;15702
1544;15715
1545;15725
1546;15732
1547;15744
1548;15754
1549;15763
1550;15774
1551;15785
1552;15792
1553;15804
1554;15814
1555;15822
1556;15834
1557;15844
1558;15852
1559;15864
1560;15873
1561;15882
1562;15894
1563;15903
1564;15912
1565;15924
1566;15933
1567;15944
1568;15954
1569;15963
1570;15975
1571;15984
1572;15993
1573;16004
1574;16014
1575;16023
1576;16034
1577;16044
1578;16053
1579;16064
1580;16074
1581;16083
1582;16094
1583;16104
1584;16113
1585;16124
1586;16134
1587;16143
1588;16154
1589;16164
1590;16173
1591;16184
1592;16194
1593;16203
1594;16214
1595;16224
1596;16233
1597;16245
1598;16253
1599;16263
1600;16275
1601;16283
1602;16293
1603;16305
1604;16313
1605;16323
1606;16335
1607;16343
1608;16353
1609;16367
1610;16373
1611;16383
1612;16395
1613;16403
1614;16413
1615;16428
1616;16433
1617;16443
1618;16455
1619;16463
1620;16473
1621;16486
1622;16494
1623;16503
1624;16516
1625;16523
1626;16533
1627;16546
1628;16553
1629;16563
1630;16575
1631;16583
1632;16593
1633;16604
1634;16613
1635;16623
1636;16634
1637;16643
1638;16653
1639;16664
1640;16673
1641;16683
1642;16694
1643;16703
1644;16713
1645;16724
1646;16733
1647;16743
1648;16754
1649;16763
1650;16773
1651;16784
1652;16793
1653;16803
1654;16814
1655;16823
1656;16833
1657;16844
1658;16853
1659;16863
1660;16874
1661;16883
1662;16893
1663;16904
1664;16913
1665;16923
1666;16934
1667;16943
1668;16953
1669;16964
1670;16973
1671;16983
1672;16994
1673;17003
1674;17013
1675;17024
1676;17033
1677;17043
1678;17054
1679;17063
1680;17073
1681;17084
1682;17093
1683;17103
1684;17114
1685;17123
1686;17133
1687;17144
1688;17153
1689;17163
1690;17174
1691;17183
1692;17193
1693;17204
1694;17213
1695;17223
1696;17234
1697;17243
1698;17253
1699;17264
1700;17273
1701;17283
1702;17294
1703;17303
1704;17313
1705;17324
1706;17333
1707;17343
1708;17354
1709;17363
1710;17373
1711;17384
1712;17393
1713;17403
1714;17414
1715;17423
1716;17433
1717;17444
1718;17453
1719;17463
1720;17474
1721;17483
1722;17493
1723;17504
1724;17513
1725;17523
1726;17534
1727;17543
1728;17553
1729;17564
1730;17573
1731;17583
1732;17603
1733;17613
1734;17624
1735;17633
1736;17643
1737;17654
1738;17663
1739;17673
1740;17684
1741;17693
1742;17703
1743;17714
1744;17723
1745;17733
1746;17744
1747;17753
1748;17763
1749;17774
1750;17783
1751;17793
1752;17804
1753;17813
1754;17823
1755;17834
1756;17843
1757;17853
1758;17864
1759;17873
1760;17883
1761;17894
1762;17903
1763;17913
1764;17924
1765;17933
1766;17943
1767;17954
1768;17963
1769;17973
1770;17984
1771;17993
1772;18003
1773;18014
1774;18023
1775;18033
1776;18044
1777;18053
1778;18063
1779;18074
1780;18083
1781;18093
1782;18104
1783;18113
1784;18123
1785;18134
1786;18143
1787;18164
1788;18173
1789;18183
1790;18194
1791;18203
1792;18213
1793;18224
1794;18233
1795;18243
1796;18254
1797;18263
1798;18273
1799;18284
1800;18293
1801;18314
1802;18323
1803;18333
1804;18344
1805;18353
1806;18363
1807;18374
1808;18383
1809;18393
1810;18404
1811;18413
1812;18423
1813;18434
1814;18443
1815;18453
1816;18464
1817;18473
1818;18483
1819;18494
1820;18503
1821;18513
1822;18524
1823;18533
1824;18543
1825;18554
1826;18563
1827;18573
1828;18584
1829;18593
1830;18603
1831;18614
1832;18623
1833;18633
1834;18644
1835;18653
1836;18664
1837;18674
1838;18683
1839;18694
1840;18704
1841;18713
1842;18724
1843;18734
1844;18743
1845;18754
1846;18764
1847;18773
1848;18784
1849;18794
1850;18803
1851;18814
1852;18824
1853;18833
1854;18844
1855;18854
1856;18863
1857;18874
1858;18884
1859;18893
1860;18904
1861;18924
1862;18934
1863;18944
1864;18954
1865;18974
1866;18983
1867;18994
1868;19004
1869;19013
1870;19024
1871;19034
1872;19043
1873;19054
1874;19064
1875;19073
1876;19084
1877;19094
1878;19103
1879;19114
1880;19124
1881;19133
1882;19144
1883;19154
1884;19163
1885;19174
1886;19184
1887;19193
1888;19204
1889;19214
1890;19223
1891;19234
1892;19244
1893;19253
1894;19264
1895;19274
1896;19283
1897;19294
1898;19304
1899;19313
1900;19324
1901;19334
1902;19343
1903;19354
1904;19364
1905;19373
1906;19384
1907;19394
1908;19403
1909;19414
1910;19424
1911;19433
1912;19444
1913;19454
1914;19463
1915;19474
1916;19484
1917;19493
1918;19504
1919;19514
1920;19523
1921;19534
1922;19544
1923;19553
1924;19564
1925;19574
1926;19583
1927;19594
1928;19604
1929;19613
1930;19624
1931;19634
1932;19643
1933;19654
1934;19664
1935;19673
1936;19684
1937;19694
1938;19703
1939;19714
1940;19733
1941;19744
1942;19754
1943;19763
1944;19774
1945;19784
1946;19804
1947;19814
1948;19823
1949;19834
1950;19844
1951;19853
1952;19874
1953;19883
1954;19894
1955;19904
1956;19913
1957;19924
1958;19943
1959;19954
1960;19964
1961;19973
1962;19984
1963;19994
1964;20003
1965;20014
1966;20024
1967;20033
1968;20044
1969;20063
1970;20074
1971;20093
1972;20104
1973;20114
1974;20123
1975;20134
1976;20153
1977;20164
1978;20183
1979;20194
1980;20213
1981;20224
1982;20243
1983;20254
1984;20265
1985;20275
1986;20285
1987;20296
1988;20306
1989;20316
1990;20326
1991;20336
1992;20346
1993;20356
1994;20367
1995;20377
1996;20387
1997;20397
1998;20407
1999;20417
2000;20427
2001;20438
2002;20448
2003;20458
2004;20468
2005;20478
2006;20488
2007;20499
2008;20509
2009;20519
2010;20529
2011;20539
2012;20549
2013;20559
2014;20570
2015;20580
2016;20590
2017;20600
2018;20610
2019;20620
2020;20630
2021;20641
2022;20651
2023;20661
2024;20671
2025;20681
2026;20691
2027;20702
2028;20712
2029;20722
2030;20732
2031;20742
2032;20752
2033;20762
2034;20773
2035;20783
2036;20793
2037;20803
2038;20813
2039;20823
2040;20833
2041;20844
2042;20854
2043;20864
2044;20874
2045;20884
2046;20894
2047;20905
2048;20915
2049;20925
2050;20935
2051;20945
2052;20955
2053;20965
2054;20976
2055;20986
2056;20996
2057;21006
2058;21016
2059;21026
2060;21036
2061;21047
2062;21057
2063;21067
2064;21077
2065;21087
2066;21097
2067;21108
2068;21118
2069;21128
2070;21138
2071;21148
2072;21158
2073;21168
2074;21179
2075;21189
2076;21199
2077;21209
2078;21219
2079;21229
2080;21239
2081;21250
2082;21260
2083;21270
2084;21280
2085;21290
2086;21300
2087;21311
2088;21321
2089;21331
2090;21341
2091;21351
2092;21361
2093;21371
2094;21382
2095;21392
2096;21402
2097;21412
2098;21422
2099;21432
2100;21442
2101;21453
2102;21463
2103;21473
2104;21483
2105;21493
2106;21503
2107;21514
2108;21524
2109;21534
2110;21544
2111;21554
2112;21564
2113;21574
2114;21584
2115;21595
2116;21604
2117;21614
2118;21625
2119;21634
2120;21644
2121;21655
2122;21664
2123;21674
2124;21685
2125;21694
2126;21704
2127;21715
2128;21724
2129;21734
2130;21745
2131;21754
2132;21764
2133;21775
2134;21784
2135;21794
2136;21805
2137;21814
2138;21824
2139;21835
2140;21844
2141;21854
2142;21865
2143;21874
2144;21884
2145;21895
2146;21904
2147;21914
2148;21925
2149;21934
2150;21944
2151;21955
2152;21964
2153;21974
2154;21985
2155;21994
2156;22004
2157;22015
2158;22024
2159;22034
2160;22045
2161;22054
2162;22064
2163;22075
2164;22084
2165;22094
2166;22105
2167;22114
2168;22124
2169;22135
2170;22144
2171;22154
2172;22165
2173;22174
2174;22184
2175;22195
2176;22204
2177;22214
2178;22225
2179;22234
2180;22244
2181;22255
2182;22264
2183;22274
2184;22285
2185;22294
2186;22304
2187;22315
2188;22324
2189;22334
2190;22345
2191;22354
2192;22364
2193;22375
2194;22384
2195;22394
2196;22405
2197;22414
2198;22424
2199;22435
2200;22444
2201;22454
2202;22465
2203;22474
2204;22484
2205;22495
2206;22504
2207;22514
2208;22525
2209;22534
2210;22544
2211;22555
2212;22564
2213;22574
2214;22585
2215;22594
2216;22604
2217;22615
2218;22624
2219;22634
2220;22645
2221;22654
2222;22664
2223;22675
2224;22684
2225;22694
2226;22705
2227;22714
2228;22724
2229;22735
2230;22744
2231;22754
2232;22765
2233;22774
2234;22784
2235;22795
2236;22804
2237;22814
2238;22825
2239;22834
2240;22844
2241;22855
2242;22864
2243;22874
2244;22885
2245;22894
2246;22904
2247;22915
2248;22924
2249;22934
2250;22945
2251;22954
2252;22964
2253;22975
2254;22984
2255;22994
2256;23005
2257;23014
2258;23024
2259;23035
2260;23044
2261;23054
2262;23065
2263;23074
2264;23084
2265;23095
2266;23105
2267;23114
2268;23125
2269;23134
2270;23144
2271;23155
2272;23164
2273;23175
2274;23185
2275;23194
2276;23204
2277;23215
2278;23225
2279;23234
2280;23245
2281;23254
2282;23264
2283;23275
2284;23284
2285;23294
2286;23305
2287;23314
2288;23324
2289;23335
2290;23344
2291;23354
2292;23365
2293;23374
2294;23384
2295;23395
2296;23404
2297;23414
2298;23425
2299;23434
2300;23444
2301;23455
2302;23464
2303;23474
2304;23485
2305;23494
2306;23504
2307;23515
2308;23524
2309;23534
2310;23545
2311;23554
2312;23564
2313;23575
2314;23584
2315;23594
2316;23605
2317;23614
2318;23624
2319;23635
2320;23644
2321;23654
2322;23665
2323;23674
2324;23684
2325;23695
2326;23704
2327;23715
2328;23725
2329;23734
2330;23745
2331;23755
2332;23764
2333;23774
2334;23785
2335;23794
2336;23804
2337;23815
2338;23824
2339;23834
2340;23845
2341;23854
2342;23864
2343;23875
2344;23884
2345;23894
2346;23905
2347;23914
2348;23924
2349;23935
2350;23944
2351;23955
2352;23965
2353;23974
2354;23984
2355;23995
2356;24004
2357;24014
2358;24025
2359;24034
2360;24044
2361;24055
2362;24065
2363;24074
2364;24085
2365;24094
2366;24105
2367;24115
2368;24124
2369;24135
2370;24145
2371;24155
2372;24165
2373;24175
2374;24184
2375;24195
2376;24205
2377;24215
2378;24225
2379;24236
2380;24244
2381;24255
2382;24265
2383;24274
2384;24285
2385;24295
2386;24304
2387;24315
2388;24325
2389;24334
2390;24345
2391;24355
2392;24365
2393;24375
2394;24385
2395;24394
2396;24405
2397;24415
2398;24424
2399;24435
2400;24445
2401;24454
2402;24465
2403;24475
2404;24484
2405;24495
2406;24505
2407;24514
2408;24525
2409;24535
2410;24544
2411;24555
2412;24565
2413;24574
2414;24585
2415;24595
2416;24604
2417;24615
2418;24625
2419;24634
2420;24645
2421;24655
2422;24664
2423;24675
2424;24685
2425;24695
2426;24705
2427;24715
2428;24725
2429;24735
2430;24745
2431;24754
2432;24765
2433;24775
2434;24784
2435;24795
2436;24805
2437;24814
2438;24825
2439;24835
2440;24844
2441;24855
2442;24865
2443;24875
2444;24885
2445;24895
2446;24904
2447;24915
2448;24925
2449;24934
2450;24945
2451;24955
2452;24965
2453;24975
2454;24985
2455;24995
2456;25005
2457;25015
2458;25025
2459;25035
2460;25045
2461;25054
2462;25065
2463;25075
2464;25085
2465;25095
2466;25105
2467;25114
2468;25125
2469;25135
2470;25145
2471;25155
2472;25165
2473;25175
2474;25185
2475;25195
2476;25205
2477;25215
2478;25225
2479;25236
2480;25245
2481;25255
2482;25265
2483;25275
2484;25285
2485;25295
2486;25305
2487;25315
2488;25326
2489;25335
2490;25345
2491;25356
2492;25365
2493;25375
2494;25385
2495;25395
2496;25405
2497;25415
2498;25425
2499;25435
2500;25446
2501;25455
2502;25465
2503;25476
2504;25486
2505;25496
2506;25506
2507;25516
2508;25526
2509;25536
2510;25546
2511;25556
2512;25565
2513;25575
2514;25585
2515;25595
2516;25605
2517;25615
2518;25625
2519;25635
2520;25646
2521;25655
2522;25665
2523;25676
2524;25685
2525;25695
2526;25707
2527;25715
2528;25725
2529;25736
2530;25745
2531;25755
2532;25765
2533;25775
2534;25785
2535;25797
2536;25805
2537;25815
2538;25826
2539;25835
2540;25845
2541;25856
2542;25865
2543;25877
2544;25885
2545;25895
2546;25907
2547;25916
2548;25925
2549;25936
2550;25945
2551;25956
2552;25966
2553;25976
2554;25985
2555;25996
2556;26005
2557;26015
2558;26026
2559;26035
2560;26045
2561;26056
2562;26066
2563;26075
2564;26086
2565;26095
2566;26105
2567;26116
2568;26125
2569;26135
2570;26146
2571;26156
2572;26165
2573;26176
2574;26185
2575;26195
2576;26206
2577;26216
2578;26225
2579;26237
2580;26246
2581;26254
2582;26266
2583;26276
2584;26284
2585;26296
2586;26307
2587;26314
2588;26326
2589;26337
2590;26344
2591;26357
2592;26366
2593;26374
2594;26387
2595;26395
2596;26404
2597;26416
2598;26425
2599;26434
2600;26447
2601;26456
2602;26464
2603;26477
2604;26485
2605;26494
2606;26506
2607;26515
2608;26524
2609;26536
2610;26545
2611;26554
2612;26566
2613;26575
2614;26584
2615;26597
2616;26605
2617;26614
2618;26626
2619;26635
2620;26644
2621;26657
2622;26665
2623;26674
2624;26686
2625;26695
2626;26704
2627;26717
2628;26725
2629;26734
2630;26746
2631;26755
2632;26764
2633;26776
2634;26785
2635;26794
2636;26806
2637;26815
2638;26824
2639;26836
2640;26845
2641;26856
2642;26866
2643;26875
2644;26886
2645;26896
2646;26905
2647;26917
2648;26926
2649;26935
2650;26946
2651;26956
2652;26965
2653;26977
2654;26985
2655;26995
2656;27006
2657;27015
2658;27025
2659;27037
2660;27045
2661;27055
2662;27066
2663;27075
2664;27085
2665;27096
2666;27105
2667;27115
2668;27127
2669;27135
2670;27145
2671;27157
2672;27165
2673;27175
2674;27186
2675;27195
2676;27205
2677;27216
2678;27225
2679;27235
2680;27247
2681;27255
2682;27265
2683;27276
2684;27285
2685;27295
2686;27307
2687;27315
2688;27325
2689;27337
2690;27345
2691;27355
2692;27365
2693;27375
2694;27385
2695;27395
2696;27405
2697;27415
2698;27426
2699;27435
2700;27445
2701;27455
2702;27465
2703;27475
2704;27486
2705;27495
2706;27505
2707;27516
2708;27525
2709;27535
2710;27546
2711;27555
2712;27565
2713;27575
2714;27585
2715;27595
2716;27605
2717;27615
2718;27626
2719;27635
2720;27645
2721;27655
2722;27665
2723;27675
2724;27685
2725;27695
2726;27705
2727;27715
2728;27726
2729;27735
2730;27744
2731;27755
2732;27765
2733;27775
2734;27785
2735;27795
2736;27805
2737;27815
2738;27825
2739;27835
2740;27845
2741;27855
2742;27865
2743;27875
2744;27885
2745;27895
2746;27905
2747;27915
2748;27925
2749;27935
2750;27945
2751;27955
2752;27965
2753;27975
2754;27985
2755;27996
2756;28005
2757;28015
2758;28026
2759;28035
2760;28045
2761;28055
2762;28065
2763;28075
2764;28085
2765;28095
2766;28105
2767;28115
2768;28125
2769;28135
2770;28145
2771;28155
2772;28165
2773;28176
2774;28185
2775;28195
2776;28206
2777;28215
2778;28225
2779;28235
2780;28245
2781;28255
2782;28265
2783;28275
2784;28285
2785;28296
2786;28305
2787;28315
2788;28325
2789;28335
2790;28345
2791;28356
2792;28365
2793;28375
2794;28385
2795;28395
2796;28405
2797;28415
2798;28425
2799;28435
2800;28446
2801;28455
2802;28465
2803;28476
2804;28485
2805;28495
2806;28505
2807;28515
2808;28525
2809;28535
2810;28545
2811;28555
2812;28566
2813;28575
2814;28585
2815;28595
2816;28605
2817;28615
2818;28626
2819;28635
2820;28645
2821;28656
2822;28665
2823;28675
2824;28686
2825;28695
2826;28705
2827;28716
2828;28725
2829;28735
2830;28746
2831;28755
2832;28765
2833;28776
2834;28785
2835;28795
2836;28806
2837;28815
2838;28825
2839;28836
2840;28845
2841;28855
2842;28866
2843;28875
2844;28885
2845;28895
2846;28905
2847;28915
2848;28926
2849;28935
2850;28945
2851;28956
2852;28965
2853;28975
2854;28986
2855;28995
2856;29005
2857;29016
2858;29025
2859;29035
2860;29045
2861;29055
2862;29065
2863;29075
2864;29085
2865;29095
2866;29106
2867;29115
2868;29125
2869;29136
2870;29145
2871;29155
2872;29166
2873;29175
2874;29185
2875;29196
2876;29205
2877;29215
2878;29225
2879;29235
2880;29245
2881;29256
2882;29265
2883;29275
2884;29286
2885;29295
2886;29305
2887;29316
2888;29325
2889;29335
2890;29346
2891;29365
2892;29376
2893;29385
2894;29395
2895;29406
2896;29415
2897;29425
2898;29436
2899;29455
2900;29466
2901;29475
2902;29485
2903;29495
2904;29505
2905;29515
2906;29526
2907;29535
2908;29545
2909;29556
2910;29565
2911;29576
2912;29586
2913;29595
2914;29606
2915;29616
2916;29625
2917;29636
2918;29646
2919;29655
2920;29666
2921;29676
2922;29685
2923;29696
2924;29706
2925;29716
2926;29726
2927;29736
2928;29745
2929;29756
2930;29765
2931;29775
2932;29786
2933;29795
2934;29805
2935;29816
2936;29826
2937;29835
2938;29846
2939;29856
2940;29865
2941;29876
2942;29886
2943;29895
2944;29906
2945;29915
2946;29925
2947;29936
2948;29955
2949;29976
2950;29985
2951;29996
2952;30006
2953;30015
2954;30026
2955;30036
2956;30045
2957;30056
2958;30075
2959;30096
2960;30105
2961;30126
2962;30135
2963;30146
2964;30156
2965;30165
2966;30176
2967;30186
2968;30195
2969;30206
2970;30216
2971;30225
2972;30236
2973;30246
2974;30255
2975;30266
2976;30276
2977;30285
2978;30296
2979;30306
2980;30315
2981;30326
2982;30337
2983;30345
2984;30356
2985;30375
2986;30386
2987;30396
2988;30405
2989;30416
2990;30426
2991;30435
2992;30446
2993;30465
2994;30476
2995;30486
2996;30495
2997;30506
2998;30516
2999;30525
3000;30536
3001;30546
3002;30566
3003;30585
3004;30596
3005;30606
3006;30626
3007;30636
3008;30645
3009;30656
3010;30675
3011;30686
3012;30699
3013;30709
3014;30720
3015;30730
3016;30740
3017;30750
3018;30760
3019;30770
3020;30780
3021;30791
3022;30801
3023;30811
3024;30821
3025;30831
3026;30841
3027;30852
3028;30862
3029;30872
3030;30882
3031;30892
3032;30902
3033;30912
3034;30923
3035;30933
3036;30943
3037;30953
3038;30963
3039;30973
3040;30983
3041;30994
3042;31004
3043;31014
3044;31024
3045;31034
3046;31044
3047;31055
3048;31065
3049;31075
3050;31085
3051;31095
3052;31105
3053;31115
3054;31126
3055;31136
3056;31146
3057;31156
3058;31166
3059;31176
3060;31186
3061;31197
3062;31207
3063;31217
3064;31227
3065;31237
3066;31247
3067;31258
3068;31268
3069;31278
3070;31288
3071;31298
3072;31308
3073;31318
3074;31329
3075;31339
3076;31349
3077;31359
3078;31369
3079;31379
3080;31389
3081;31400
3082;31410
3083;31420
3084;31430
3085;31440
3086;31450
3087;31461
3088;31471
3089;31481
3090;31491
3091;31501
3092;31511
3093;31521
3094;31532
3095;31542
3096;31552
3097;31562
3098;31572
3099;31582
3100;31592
3101;31603
3102;31613
3103;31623
3104;31633
3105;31643
3106;31653
3107;31664
3108;31674
3109;31684
3110;31694
3111;31704
3112;31714
3113;31724
3114;31735
3115;31745
3116;31755
3117;31765
3118;31775
3119;31785
3120;31795
3121;31806
3122;31816
3123;31826
3124;31836
3125;31846
3126;31856
3127;31867
3128;31877
3129;31887
3130;31897
3131;31907
3132;31917
3133;31927
3134;31938
3135;31948
3136;31958
3137;31968
3138;31978
3139;31988
3140;31998
3141;32009
3142;32019
3143;32029
3144;32039
3145;32049
3146;32059
3147;32070
3148;32080
3149;32090
3150;32100
3151;32110
3152;32120
3153;32130
3154;32141
3155;32151
3156;32161
3157;32171
3158;32181
3159;32191
3160;32201
3161;32212
3162;32222
3163;32232
3164;32242
3165;32252
3166;32262
3167;32273
3168;32283
3169;32293
3170;32303
3171;32313
3172;32323
3173;32333
3174;32344
3175;32354
3176;32364
3177;32374
3178;32384
3179;32394
3180;32404
3181;32415
3182;32425
3183;32435
3184;32445
3185;32455
3186;32465
3187;32476
3188;32486
3189;32496
3190;32506
3191;32516
3192;32526
3193;32536
3194;32547
3195;32557
3196;32567
3197;32577
3198;32587
3199;32597
3200;32607
3201;32618
3202;32628
3203;32638
3204;32648
3205;32658
3206;32668
3207;32679
3208;32689
3209;32699
3210;32709
3211;32719
3212;32729
3213;32739
3214;32750
3215;32760
3216;32770
3217;32780
3218;32790
3219;32800
3220;32810
3221;32821
3222;32831
3223;32841
3224;32851
3225;32861
3226;32871
3227;32882
3228;32892
3229;32902
3230;32912
3231;32922
3232;32932
3233;32942
3234;32953
3235;32963
3236;32973
3237;32983
3238;32993
3239;33003
3240;33013
3241;33024
3242;33034
3243;33044
3244;33054
3245;33064
3246;33074
3247;33085
3248;33095
3249;33105
3250;33115
3251;33125
3252;33135
3253;33145
3254;33156
3255;33166
3256;33176
3257;33186
3258;33196
3259;33206
3260;33216
3261;33227
3262;33237
3263;33247
3264;33257
3265;33267
3266;33277
3267;33288
3268;33298
3269;33308
3270;33318
3271;33328
3272;33338
3273;33348
3274;33359
3275;33369
3276;33379
3277;33389
3278;33399
3279;33409
3280;33419
3281;33430
3282;33440
3283;33450
3284;33460
3285;33470
3286;33480
3287;33491
3288;33501
3289;33511
3290;33521
3291;33531
3292;33541
3293;33551
3294;33562
3295;33572
3296;33582
3297;33592
3298;33602
3299;33612
3300;33622
3301;33633
3302;33643
3303;33653
3304;33663
3305;33673
3306;33683
3307;33694
3308;33704
3309;33714
3310;33724
3311;33734
3312;33744
3313;33754
3314;33765
3315;33775
3316;33785
3317;33795
3318;33805
3319;33815
3320;33825
3321;33836
3322;33846
3323;33856
3324;33866
3325;33876
3326;33886
3327;33897
3328;33907
3329;33917
3330;33927
3331;33937
3332;33947
3333;33957
3334;33968
3335;33978
3336;33988
3337;33998
3338;34008
3339;34018
3340;34028
3341;34039
3342;34049
3343;34059
3344;34069
3345;34079
3346;34089
3347;34100
3348;34110
3349;34120
3350;34130
3351;34140
3352;34150
3353;34160
3354;34171
3355;34181
3356;34191
3357;34201
3358;34211
3359;34221
3360;34231
3361;34242
3362;34252
3363;34262
3364;34272
3365;34282
3366;34292
3367;34303
3368;34313
3369;34323
3370;34333
3371;34343
3372;34353
3373;34363
3374;34374
3375;34384
3376;34394
3377;34404
3378;34414
3379;34424
3380;34434
3381;34445
3382;34455
3383;34465
3384;34475
3385;34485
3386;34495
3387;34506
3388;34516
3389;34526
3390;34536
3391;34546
3392;34556
3393;34566
3394;34577
3395;34587
3396;34597
3397;34607
3398;34617
3399;34627
3400;34637
3401;34648
3402;34658
3403;34668
3404;34678
3405;34688
3406;34698
3407;34709
3408;34719
3409;34729
3410;34739
3411;34749
3412;34759
3413;34769
3414;34780
3415;34790
3416;34800
3417;34810
3418;34820
3419;34830
3420;34840
3421;34851
3422;34861
3423;34871
3424;34881
3425;34891
3426;34901
3427;34912
3428;34922
3429;34932
3430;34942
3431;34952
3432;34962
3433;34972
3434;34983
3435;34993
3436;35003
3437;35013
3438;35023
3439;35033
3440;35043
3441;35054
3442;35064
3443;35074
3444;35084
3445;35094
3446;35104
3447;35115
3448;35125
3449;35135
3450;35145
3451;35155
3452;35165
3453;35175
3454;35186
3455;35196
3456;35206
3457;35216
3458;35226
3459;35236
3460;35246
3461;35257
3462;35267
3463;35277
3464;35287
3465;35297
3466;35307
3467;35318
3468;35328
3469;35338
3470;35348
3471;35358
3472;35368
3473;35378
3474;35389
3475;35399
3476;35409
3477;35419
3478;35429
3479;35439
3480;35449
3481;35460
3482;35470
3483;35480
3484;35490
3485;35500
3486;35510
3487;35521
3488;35531
3489;35541
3490;35551
3491;35561
3492;35571
3493;35581
3494;35592
3495;35602
3496;35612
3497;35622
3498;35632
3499;35642
3500;35652
3501;35663
3502;35673
3503;35683
3504;35693
3505;35703
3506;35713
3507;35724
3508;35734
3509;35744
3510;35754
3511;35764
3512;35774
3513;35784
3514;35795
3515;35805
3516;35815
3517;35825
3518;35835
3519;35845
3520;35855
3521;35866
3522;35876
3523;35886
3524;35896
3525;35906
3526;35916
3527;35927
3528;35937
3529;35947
3530;35957
3531;35967
3532;35977
3533;35987
3534;35998
3535;36008
3536;36018
3537;36028
3538;36038
3539;36048
3540;36058
3541;36069
3542;36079
3543;36089
3544;36099
3545;36109
3546;36119
3547;36130
3548;36140
3549;36150
3550;36160
3551;36170
3552;36180
3553;36190
3554;36201
3555;36211
3556;36221
3557;36231
3558;36241
3559;36251
3560;36261
3561;36272
3562;36282
3563;36292
3564;36302
3565;36312
3566;36322
3567;36333
3568;36343
3569;36353
3570;36363
3571;36373
3572;36383
3573;36393
3574;36404
3575;36414
3576;36424
3577;36434
3578;36444
3579;36454
3580;36464
3581;36475
3582;36485
3583;36495
3584;36505
3585;36515
3586;36525
3587;36536
3588;36546
3589;36556
3590;36566
3591;36576
3592;36586
3593;36596
3594;36607
3595;36617
3596;36627
3597;36637
3598;36647
3599;36657
3600;36667
3601;36677
3602;36687
3603;36698
3604;36708
3605;36718
3606;36728
3607;36737
3608;36748
3609;36758
3610;36767
3611;36778
3612;36789
3613;36797
3614;36807
3615;36818
